game_pk,game_date,game_datetime_utc,away_team,home_team,winner_pick,winner_confidence,winner_probability,away_projected_runs,home_projected_runs,projected_total,market_total,total_pick,total_confidence,winner_locked_at_utc,total_locked,total_locked_at_utc,actual_away_runs,actual_home_runs,actual_winner,actual_total,winner_result,total_result,projection_total_result,projection_total_direction,away_run_error,home_run_error,total_projection_error,final_status,graded_at_utc
824717,2026-09-02,2026-09-02T20:10:00Z,Seattle Mariners,Boston Red Sox,Boston Red Sox,LEAN,58.2,3.97,4.42,8.39,,NO LINE,UNAVAILABLE,2026-09-02T19:24:58.453976+00:00,0,,8.0,3.0,Seattle Mariners,11.0,MISS,UNGRADED — NO LINE,,,4.03,1.42,2.61,Final,2026-09-02T23:47:08.389994+00:00
823339,2026-09-02,2026-09-02T22:40:00Z,San Francisco Giants,Pittsburgh Pirates,Pittsburgh Pirates,LEAN,60.7,4.07,4.66,8.73,,NO LINE,UNAVAILABLE,2026-09-02T19:57:11.974847+00:00,0,,5.0,4.0,San Francisco Giants,9.0,MISS,UNGRADED — NO LINE,,,0.93,0.66,0.27,Final,2026-09-03T10:03:25.578808+00:00
824390,2026-09-02,2026-09-02T22:40:00Z,Toronto Blue Jays,Cleveland Guardians,Toronto Blue Jays,LEAN,60.4,3.77,3.21,6.98,,NO LINE,UNAVAILABLE,2026-09-02T19:57:11.974847+00:00,0,,11.0,0.0,Toronto Blue Jays,11.0,HIT,UNGRADED — NO LINE,,,7.23,3.21,4.02,Final,2026-09-03T10:03:25.639997+00:00
823660,2026-09-02,2026-09-02T23:40:00Z,Detroit Tigers,Minnesota Twins,Detroit Tigers,LEAN,60.2,4.93,4.37,9.3,,NO LINE,UNAVAILABLE,2026-09-02T21:07:47.176667+00:00,0,,11.0,6.0,Detroit Tigers,17.0,HIT,UNGRADED — NO LINE,,,6.07,1.63,7.7,Final,2026-09-03T10:03:25.694147+00:00
824068,2026-09-02,2026-09-02T23:40:00Z,Miami Marlins,Kansas City Royals,Miami Marlins,LEAN,57.8,4.3,3.87,8.17,,NO LINE,UNAVAILABLE,2026-09-02T21:07:47.176667+00:00,0,,9.0,6.0,Miami Marlins,15.0,HIT,UNGRADED — NO LINE,,,4.7,2.13,6.83,Final,2026-09-03T10:03:25.746357+00:00
824634,2026-09-02,2026-09-02T23:40:00Z,Milwaukee Brewers,Chicago Cubs,Milwaukee Brewers,STRONG,73.2,5.25,3.9,9.15,,NO LINE,UNAVAILABLE,2026-09-02T21:07:47.176667+00:00,0,,9.0,5.0,Milwaukee Brewers,14.0,HIT,UNGRADED — NO LINE,,,3.75,1.1,4.85,Final,2026-09-03T10:03:25.805188+00:00
824147,2026-09-02,2026-09-03T00:10:00Z,Chicago White Sox,Houston Astros,Houston Astros,NO EDGE,51.5,4.56,4.64,9.19,,NO LINE,UNAVAILABLE,2026-09-02T21:07:47.176667+00:00,0,,0.0,2.0,Houston Astros,2.0,NO PLAY,UNGRADED — NO LINE,,,4.56,2.64,7.19,Final,2026-09-03T10:03:25.845944+00:00
823983,2026-09-02,2026-09-03T01:38:00Z,New York Yankees,Los Angeles Angels,New York Yankees,STRONG,66.7,3.89,2.96,6.85,,NO LINE,UNAVAILABLE,2026-09-02T23:47:08.245005+00:00,0,,6.0,3.0,New York Yankees,9.0,HIT,UNGRADED — NO LINE,,,2.11,0.04,2.15,Final,2026-09-03T10:03:25.888374+00:00
824144,2026-09-03,2026-09-03T18:10:00Z,Chicago White Sox,Houston Astros,Houston Astros,STRONG,62.8,4.58,5.28,9.85,,NO LINE,UNAVAILABLE,2026-09-03T17:28:02.243672+00:00,0,,2.0,6.0,Houston Astros,8.0,HIT,UNGRADED — NO LINE,,,2.58,0.72,1.85,Final,2026-09-08T11:19:14.462292+00:00
824632,2026-09-03,2026-09-03T23:15:00Z,Milwaukee Brewers,Chicago Cubs,Milwaukee Brewers,STRONG,63.9,4.91,4.13,9.04,,NO LINE,UNAVAILABLE,2026-09-03T22:32:55.465187+00:00,0,,1.0,2.0,Chicago Cubs,3.0,MISS,UNGRADED — NO LINE,,,3.91,2.13,6.04,Final,2026-09-08T11:19:14.511707+00:00
824796,2026-09-03,2026-09-03T23:15:00Z,Boston Red Sox,Baltimore Orioles,Boston Red Sox,LEAN,57.4,4.32,3.92,8.24,,NO LINE,UNAVAILABLE,2026-09-03T22:32:55.465187+00:00,0,,6.0,5.0,Boston Red Sox,11.0,HIT,UNGRADED — NO LINE,,,1.68,1.08,2.76,Final,2026-09-08T11:19:14.552245+00:00
824069,2026-09-03,2026-09-03T23:40:00Z,Miami Marlins,Kansas City Royals,Miami Marlins,NO EDGE,52.6,4.22,4.07,8.29,,NO LINE,UNAVAILABLE,2026-09-03T22:32:55.465187+00:00,0,,3.0,7.0,Kansas City Royals,10.0,NO PLAY,UNGRADED — NO LINE,,,1.22,2.93,1.71,Final,2026-09-08T11:19:14.591523+00:00
822853,2026-09-03,2026-09-04T00:05:00Z,Tampa Bay Rays,Texas Rangers,Tampa Bay Rays,LEAN,58.4,4.16,3.7,7.86,,NO LINE,UNAVAILABLE,2026-09-03T23:46:55.707946+00:00,0,,0.0,6.0,Texas Rangers,6.0,MISS,UNGRADED — NO LINE,,,4.16,2.3,1.86,Final,2026-09-08T11:19:14.625279+00:00
823095,2026-09-03,2026-09-04T01:40:00Z,Athletics,Seattle Mariners,Seattle Mariners,LEAN,61.2,4.42,5.03,9.45,,NO LINE,UNAVAILABLE,2026-09-03T23:46:55.707946+00:00,0,,7.0,4.0,Athletics,11.0,MISS,UNGRADED — NO LINE,,,2.58,1.03,1.55,Final,2026-09-08T11:19:14.685025+00:00
823907,2026-09-03,2026-09-04T02:10:00Z,St. Louis Cardinals,Los Angeles Dodgers,Los Angeles Dodgers,STRONG,76.3,3.32,4.9,8.22,,NO LINE,UNAVAILABLE,2026-09-03T23:46:55.707946+00:00,0,,2.0,3.0,Los Angeles Dodgers,5.0,HIT,UNGRADED — NO LINE,,,1.32,1.9,3.22,Final,2026-09-08T11:19:14.738684+00:00
824471,2026-09-04,2026-09-04T22:10:00Z,Milwaukee Brewers,Cincinnati Reds,Milwaukee Brewers,STRONG,77.3,5.68,4.02,9.7,,NO LINE,UNAVAILABLE,2026-09-04T20:16:55.309142+00:00,0,,10.0,7.0,Milwaukee Brewers,17.0,HIT,UNGRADED — NO LINE,,,4.32,2.98,7.3,Final,2026-09-08T11:19:14.796662+00:00
823418,2026-09-04,2026-09-04T22:40:00Z,Atlanta Braves,Philadelphia Phillies,Atlanta Braves,LEAN,56.0,3.81,3.49,7.3,,NO LINE,UNAVAILABLE,2026-09-04T22:22:52.536725+00:00,0,,5.0,2.0,Atlanta Braves,7.0,HIT,UNGRADED — NO LINE,,,1.19,1.49,0.3,Final,2026-09-08T11:19:14.842229+00:00
823338,2026-09-04,2026-09-04T22:45:00Z,Los Angeles Angels,Pittsburgh Pirates,Pittsburgh Pirates,STRONG,73.1,4.12,5.46,9.58,,NO LINE,UNAVAILABLE,2026-09-04T22:22:52.536725+00:00,0,,0.0,1.0,Pittsburgh Pirates,1.0,HIT,UNGRADED — NO LINE,,,4.12,4.46,8.58,Final,2026-09-08T11:19:14.888833+00:00
824797,2026-09-04,2026-09-04T23:05:00Z,Boston Red Sox,Baltimore Orioles,Boston Red Sox,NO EDGE,54.7,4.3,4.05,8.35,,NO LINE,UNAVAILABLE,2026-09-04T22:22:52.536725+00:00,0,,1.0,0.0,Boston Red Sox,1.0,NO PLAY,UNGRADED — NO LINE,,,3.3,4.05,7.35,Final,2026-09-08T11:19:14.941764+00:00
823579,2026-09-04,2026-09-04T23:10:00Z,San Francisco Giants,New York Mets,New York Mets,STRONG,63.8,3.51,4.27,7.78,,NO LINE,UNAVAILABLE,2026-09-04T22:22:52.536725+00:00,0,,6.0,10.0,New York Mets,16.0,HIT,UNGRADED — NO LINE,,,2.49,5.73,8.22,Final,2026-09-08T11:19:14.993042+00:00
823824,2026-09-04,2026-09-04T23:10:00Z,Chicago Cubs,Miami Marlins,Chicago Cubs,LEAN,57.1,4.9,4.51,9.41,,NO LINE,UNAVAILABLE,2026-09-04T22:22:52.536725+00:00,0,,6.0,1.0,Chicago Cubs,7.0,HIT,UNGRADED — NO LINE,,,1.1,3.51,2.41,Final,2026-09-08T11:19:15.034145+00:00
824554,2026-09-04,2026-09-04T23:40:00Z,Minnesota Twins,Chicago White Sox,Chicago White Sox,NO EDGE,54.5,4.88,5.12,10.0,,NO LINE,UNAVAILABLE,2026-09-04T23:39:22.612483+00:00,0,,1.0,4.0,Chicago White Sox,5.0,NO PLAY,UNGRADED — NO LINE,,,3.88,1.12,5.0,Final,2026-09-08T11:19:15.074820+00:00
822852,2026-09-04,2026-09-05T00:05:00Z,Tampa Bay Rays,Texas Rangers,Tampa Bay Rays,LEAN,60.7,4.5,3.91,8.41,,NO LINE,UNAVAILABLE,2026-09-04T23:39:22.612483+00:00,0,,7.0,6.0,Tampa Bay Rays,13.0,HIT,UNGRADED — NO LINE,,,2.5,2.09,4.59,Final,2026-09-08T11:19:15.112989+00:00
824067,2026-09-04,2026-09-05T00:10:00Z,Toronto Blue Jays,Kansas City Royals,Kansas City Royals,STRONG,72.9,3.71,5.05,8.76,,NO LINE,UNAVAILABLE,2026-09-04T23:39:22.612483+00:00,0,,9.0,2.0,Toronto Blue Jays,11.0,MISS,UNGRADED — NO LINE,,,5.29,3.05,2.24,Final,2026-09-08T11:19:15.155899+00:00
824311,2026-09-04,2026-09-05T00:40:00Z,St. Louis Cardinals,Colorado Rockies,St. Louis Cardinals,STRONG,71.4,5.85,4.61,10.46,,NO LINE,UNAVAILABLE,2026-09-04T23:39:22.612483+00:00,0,,7.0,6.0,St. Louis Cardinals,13.0,HIT,UNGRADED — NO LINE,,,1.15,1.39,2.54,Final,2026-09-08T11:19:15.196649+00:00
823256,2026-09-04,2026-09-05T01:40:00Z,New York Yankees,San Diego Padres,New York Yankees,STRONG,72.3,4.42,3.13,7.55,,NO LINE,UNAVAILABLE,2026-09-04T23:39:22.612483+00:00,0,,2.0,3.0,San Diego Padres,5.0,MISS,UNGRADED — NO LINE,,,2.42,0.13,2.55,Final,2026-09-08T11:19:15.230973+00:00
823093,2026-09-04,2026-09-05T02:10:00Z,Athletics,Seattle Mariners,Seattle Mariners,STRONG,77.9,3.74,5.45,9.19,,NO LINE,UNAVAILABLE,2026-09-04T23:39:22.612483+00:00,0,,7.0,6.0,Athletics,13.0,MISS,UNGRADED — NO LINE,,,3.26,0.55,3.81,Final,2026-09-08T11:19:15.270111+00:00
823905,2026-09-04,2026-09-05T02:10:00Z,Washington Nationals,Los Angeles Dodgers,Los Angeles Dodgers,STRONG,77.9,3.57,5.27,8.85,,NO LINE,UNAVAILABLE,2026-09-04T23:39:22.612483+00:00,0,,3.0,5.0,Los Angeles Dodgers,8.0,HIT,UNGRADED — NO LINE,,,0.57,0.27,0.85,Final,2026-09-08T11:19:15.305356+00:00
823577,2026-09-05,2026-09-05T20:10:00Z,San Francisco Giants,New York Mets,New York Mets,LEAN,56.2,3.82,4.15,7.97,,NO LINE,UNAVAILABLE,2026-09-05T19:57:04.066061+00:00,0,,9.0,5.0,San Francisco Giants,14.0,MISS,UNGRADED — NO LINE,,,5.18,0.85,6.03,Final,2026-09-08T11:19:15.342012+00:00
823823,2026-09-05,2026-09-05T20:10:00Z,Chicago Cubs,Miami Marlins,Chicago Cubs,LEAN,56.9,4.78,4.41,9.19,,NO LINE,UNAVAILABLE,2026-09-05T19:57:04.066061+00:00,0,,6.0,5.0,Chicago Cubs,11.0,HIT,UNGRADED — NO LINE,,,1.22,0.59,1.81,Final,2026-09-08T11:19:15.382848+00:00
823419,2026-09-05,2026-09-05T22:05:00Z,Atlanta Braves,Philadelphia Phillies,Philadelphia Phillies,NO EDGE,51.5,4.03,4.11,8.14,,NO LINE,UNAVAILABLE,2026-09-05T19:57:04.066061+00:00,0,,2.0,4.0,Philadelphia Phillies,6.0,NO PLAY,UNGRADED — NO LINE,,,2.03,0.11,2.14,Final,2026-09-08T11:19:15.419883+00:00
824389,2026-09-05,2026-09-05T22:10:00Z,Detroit Tigers,Cleveland Guardians,Cleveland Guardians,STRONG,64.2,3.32,4.11,7.44,,NO LINE,UNAVAILABLE,2026-09-05T22:06:19.081650+00:00,0,,6.0,0.0,Detroit Tigers,6.0,MISS,UNGRADED — NO LINE,,,2.68,4.11,1.44,Final,2026-09-08T11:19:15.451897+00:00
823335,2026-09-05,2026-09-05T22:40:00Z,Los Angeles Angels,Pittsburgh Pirates,Pittsburgh Pirates,STRONG,78.3,3.55,5.28,8.83,,NO LINE,UNAVAILABLE,2026-09-05T22:06:19.081650+00:00,0,,6.0,1.0,Los Angeles Angels,7.0,MISS,UNGRADED — NO LINE,,,2.45,4.28,1.83,Final,2026-09-08T11:19:15.496129+00:00
824468,2026-09-05,2026-09-05T22:40:00Z,Milwaukee Brewers,Cincinnati Reds,Milwaukee Brewers,STRONG,71.4,5.44,4.21,9.65,,NO LINE,UNAVAILABLE,2026-09-05T22:06:19.081650+00:00,0,,3.0,5.0,Cincinnati Reds,8.0,MISS,UNGRADED — NO LINE,,,2.44,0.79,1.65,Final,2026-09-08T11:19:15.540941+00:00
822850,2026-09-05,2026-09-05T23:05:00Z,Tampa Bay Rays,Texas Rangers,Tampa Bay Rays,LEAN,61.9,4.24,3.59,7.83,,NO LINE,UNAVAILABLE,2026-09-05T22:06:19.081650+00:00,0,,6.0,3.0,Tampa Bay Rays,9.0,HIT,UNGRADED — NO LINE,,,1.76,0.59,1.17,Final,2026-09-08T11:19:15.600637+00:00
824795,2026-09-05,2026-09-05T23:05:00Z,Boston Red Sox,Baltimore Orioles,Boston Red Sox,STRONG,66.3,4.8,3.89,8.69,,NO LINE,UNAVAILABLE,2026-09-05T22:06:19.081650+00:00,0,,5.0,0.0,Boston Red Sox,5.0,HIT,UNGRADED — NO LINE,,,0.2,3.89,3.69,Final,2026-09-08T11:19:15.636946+00:00
824066,2026-09-05,2026-09-05T23:10:00Z,Toronto Blue Jays,Kansas City Royals,Kansas City Royals,LEAN,59.2,4.61,5.12,9.73,,NO LINE,UNAVAILABLE,2026-09-05T22:06:19.081650+00:00,0,,4.0,3.0,Toronto Blue Jays,7.0,MISS,UNGRADED — NO LINE,,,0.61,2.12,2.73,Final,2026-09-08T11:19:15.672889+00:00
824553,2026-09-05,2026-09-05T23:10:00Z,Minnesota Twins,Chicago White Sox,Minnesota Twins,NO EDGE,50.8,4.69,4.65,9.33,,NO LINE,UNAVAILABLE,2026-09-05T22:06:19.081650+00:00,0,,6.0,4.0,Minnesota Twins,10.0,NO PLAY,UNGRADED — NO LINE,,,1.31,0.65,0.67,Final,2026-09-08T11:19:15.706932+00:00
823257,2026-09-05,2026-09-05T23:15:00Z,New York Yankees,San Diego Padres,New York Yankees,LEAN,60.7,4.08,3.49,7.57,,NO LINE,UNAVAILABLE,2026-09-05T22:06:19.081650+00:00,0,,5.0,1.0,New York Yankees,6.0,HIT,UNGRADED — NO LINE,,,0.92,2.49,1.57,Final,2026-09-08T11:19:15.745150+00:00
824310,2026-09-05,2026-09-06T00:10:00Z,St. Louis Cardinals,Colorado Rockies,Colorado Rockies,LEAN,56.9,5.02,5.4,10.42,,NO LINE,UNAVAILABLE,2026-09-05T23:32:12.869160+00:00,0,,7.0,10.0,Colorado Rockies,17.0,HIT,UNGRADED — NO LINE,,,1.98,4.6,6.58,Final,2026-09-08T11:19:15.784167+00:00
823904,2026-09-05,2026-09-06T01:10:00Z,Washington Nationals,Los Angeles Dodgers,Los Angeles Dodgers,LEAN,60.5,3.83,4.4,8.23,,NO LINE,UNAVAILABLE,2026-09-05T23:32:12.869160+00:00,0,,5.0,6.0,Los Angeles Dodgers,11.0,HIT,UNGRADED — NO LINE,,,1.17,1.6,2.77,Final,2026-09-08T11:19:15.832732+00:00
823094,2026-09-05,2026-09-06T01:40:00Z,Athletics,Seattle Mariners,Seattle Mariners,STRONG,69.1,4.23,5.32,9.55,,NO LINE,UNAVAILABLE,2026-09-05T23:32:12.869160+00:00,0,,6.0,2.0,Athletics,8.0,MISS,UNGRADED — NO LINE,,,1.77,3.32,1.55,Final,2026-09-08T11:19:15.871349+00:00
824469,2026-09-06,2026-09-06T16:10:00Z,Milwaukee Brewers,Cincinnati Reds,Milwaukee Brewers,STRONG,77.7,5.7,4.02,9.72,,NO LINE,UNAVAILABLE,2026-09-06T14:37:20.291784+00:00,0,,8.0,12.0,Cincinnati Reds,20.0,MISS,UNGRADED — NO LINE,,,2.3,7.98,10.28,Final,2026-09-08T11:19:15.919878+00:00
823417,2026-09-06,2026-09-06T17:10:00Z,Atlanta Braves,Philadelphia Phillies,Atlanta Braves,LEAN,59.1,4.99,4.49,9.49,,NO LINE,UNAVAILABLE,2026-09-06T16:40:25.729959+00:00,0,,5.0,4.0,Atlanta Braves,9.0,HIT,UNGRADED — NO LINE,,,0.01,0.49,0.49,Final,2026-09-08T11:19:15.960501+00:00
823336,2026-09-06,2026-09-06T17:35:00Z,Los Angeles Angels,Pittsburgh Pirates,Pittsburgh Pirates,LEAN,60.3,3.59,4.15,7.74,,NO LINE,UNAVAILABLE,2026-09-06T16:40:25.729959+00:00,0,,0.0,1.0,Pittsburgh Pirates,1.0,HIT,UNGRADED — NO LINE,,,3.59,3.15,6.74,Final,2026-09-08T11:19:16.009536+00:00
824794,2026-09-06,2026-09-06T17:35:00Z,Boston Red Sox,Baltimore Orioles,Boston Red Sox,LEAN,59.9,4.39,3.85,8.24,,NO LINE,UNAVAILABLE,2026-09-06T16:40:25.729959+00:00,0,,3.0,1.0,Boston Red Sox,4.0,HIT,UNGRADED — NO LINE,,,1.39,2.85,4.24,Final,2026-09-08T11:19:16.062506+00:00
823578,2026-09-06,2026-09-06T17:40:00Z,San Francisco Giants,New York Mets,New York Mets,NO EDGE,50.4,3.9,3.92,7.82,,NO LINE,UNAVAILABLE,2026-09-06T16:40:25.729959+00:00,0,,2.0,4.0,New York Mets,6.0,NO PLAY,UNGRADED — NO LINE,,,1.9,0.08,1.82,Final,2026-09-08T11:19:16.110354+00:00
823822,2026-09-06,2026-09-06T17:40:00Z,Chicago Cubs,Miami Marlins,Chicago Cubs,STRONG,66.1,4.73,3.82,8.55,,NO LINE,UNAVAILABLE,2026-09-06T16:40:25.729959+00:00,0,,3.0,10.0,Miami Marlins,13.0,MISS,UNGRADED — NO LINE,,,1.73,6.18,4.45,Final,2026-09-08T11:19:16.148592+00:00
824385,2026-09-06,2026-09-06T17:40:00Z,Detroit Tigers,Cleveland Guardians,Cleveland Guardians,LEAN,59.3,3.91,4.42,8.34,,NO LINE,UNAVAILABLE,2026-09-06T16:40:25.729959+00:00,0,,2.0,3.0,Cleveland Guardians,5.0,HIT,UNGRADED — NO LINE,,,1.91,1.42,3.34,Final,2026-09-08T11:19:16.190184+00:00
824065,2026-09-06,2026-09-06T18:10:00Z,Toronto Blue Jays,Kansas City Royals,Kansas City Royals,LEAN,58.2,4.04,4.49,8.53,,NO LINE,UNAVAILABLE,2026-09-06T18:01:54.231023+00:00,0,,1.0,6.0,Kansas City Royals,7.0,HIT,UNGRADED — NO LINE,,,3.04,1.51,1.53,Final,2026-09-08T11:19:16.227554+00:00
822848,2026-09-06,2026-09-06T18:35:00Z,Tampa Bay Rays,Texas Rangers,Tampa Bay Rays,LEAN,57.0,4.54,4.16,8.71,,NO LINE,UNAVAILABLE,2026-09-06T18:01:54.231023+00:00,0,,6.0,8.0,Texas Rangers,14.0,MISS,UNGRADED — NO LINE,,,1.46,3.84,5.29,Final,2026-09-08T11:19:16.278760+00:00
824309,2026-09-06,2026-09-06T19:10:00Z,St. Louis Cardinals,Colorado Rockies,St. Louis Cardinals,STRONG,67.4,5.72,4.74,10.46,,NO LINE,UNAVAILABLE,2026-09-06T18:01:54.231023+00:00,0,,10.0,8.0,St. Louis Cardinals,18.0,HIT,UNGRADED — NO LINE,,,4.28,3.26,7.54,Final,2026-09-08T11:19:16.321989+00:00
823091,2026-09-06,2026-09-06T20:10:00Z,Athletics,Seattle Mariners,Seattle Mariners,STRONG,62.5,4.03,4.71,8.74,,NO LINE,UNAVAILABLE,2026-09-06T19:57:13.326249+00:00,0,,0.0,2.0,Seattle Mariners,2.0,HIT,UNGRADED — NO LINE,,,4.03,2.71,6.74,Final,2026-09-08T11:19:16.355224+00:00
824552,2026-09-06,2026-09-06T22:20:00Z,Minnesota Twins,Chicago White Sox,Chicago White Sox,STRONG,67.7,4.01,5.01,9.02,,NO LINE,UNAVAILABLE,2026-09-06T22:07:31.375371+00:00,0,,1.0,10.0,Chicago White Sox,11.0,HIT,UNGRADED — NO LINE,,,3.01,4.99,1.98,Final,2026-09-08T11:19:16.406035+00:00
824229,2026-09-07,2026-09-07T19:10:00Z,Minnesota Twins,Detroit Tigers,Detroit Tigers,LEAN,60.6,3.68,4.26,7.94,,NO LINE,UNAVAILABLE,2026-09-07T18:51:24.169231+00:00,0,,4.0,5.0,Detroit Tigers,9.0,HIT,UNGRADED — NO LINE,,,0.32,0.74,1.06,Final,2026-09-08T11:19:16.444658+00:00
823254,2026-09-07,2026-09-07T21:10:00Z,Washington Nationals,San Diego Padres,San Diego Padres,STRONG,64.8,4.25,5.08,9.33,,NO LINE,UNAVAILABLE,2026-09-07T21:07:38.602530+00:00,0,,2.0,3.0,San Diego Padres,5.0,HIT,UNGRADED — NO LINE,,,2.25,2.08,4.33,Final,2026-09-08T11:19:16.479533+00:00
823175,2026-09-07,2026-09-08T00:10:00Z,St. Louis Cardinals,San Francisco Giants,San Francisco Giants,NO EDGE,53.2,4.17,4.34,8.51,,NO LINE,UNAVAILABLE,2026-09-07T23:58:12.521288+00:00,0,,4.0,5.0,San Francisco Giants,9.0,NO PLAY,UNGRADED — NO LINE,,,0.17,0.66,0.49,Final,2026-09-08T11:19:16.520990+00:00
823902,2026-09-07,2026-09-08T01:10:00Z,Cincinnati Reds,Los Angeles Dodgers,Los Angeles Dodgers,NO EDGE,50.1,4.4,4.41,8.82,,NO LINE,UNAVAILABLE,2026-09-07T23:58:12.521288+00:00,0,,3.0,6.0,Los Angeles Dodgers,9.0,NO PLAY,UNGRADED — NO LINE,,,1.4,1.59,0.18,Final,2026-09-08T11:19:16.569998+00:00
824958,2026-09-07,2026-09-08T02:05:00Z,Toronto Blue Jays,Athletics,Toronto Blue Jays,STRONG,73.2,4.67,3.31,7.99,,NO LINE,UNAVAILABLE,2026-09-07T23:58:12.521288+00:00,0,,5.0,6.0,Athletics,11.0,MISS,UNGRADED — NO LINE,,,0.33,2.69,3.01,Final,2026-09-08T11:19:16.607081+00:00
824792,2026-09-08,2026-09-08T22:35:00Z,Cleveland Guardians,Baltimore Orioles,Baltimore Orioles,LEAN,59.1,3.95,4.44,8.39,,NO LINE,UNAVAILABLE,2026-09-08T19:59:56.375903+00:00,0,,9.0,5.0,Cleveland Guardians,14.0,MISS,UNGRADED — NO LINE,,,5.05,0.56,5.61,Final,2026-09-09T08:13:07.057118+00:00
823414,2026-09-08,2026-09-08T22:40:00Z,Houston Astros,Philadelphia Phillies,Houston Astros,STRONG,62.3,4.86,4.18,9.04,,NO LINE,UNAVAILABLE,2026-09-08T19:59:56.375903+00:00,0,,6.0,5.0,Houston Astros,11.0,HIT,UNGRADED — NO LINE,,,1.14,0.82,1.96,Final,2026-09-09T08:13:07.111460+00:00
823821,2026-09-08,2026-09-08T22:40:00Z,New York Mets,Miami Marlins,Miami Marlins,STRONG,64.6,3.81,4.62,8.43,,NO LINE,UNAVAILABLE,2026-09-08T19:59:56.375903+00:00,0,,7.0,5.0,New York Mets,12.0,MISS,UNGRADED — NO LINE,,,3.19,0.38,3.57,Final,2026-09-09T08:13:07.171875+00:00
824228,2026-09-08,2026-09-08T22:40:00Z,Minnesota Twins,Detroit Tigers,Detroit Tigers,STRONG,68.6,4.08,5.14,9.22,,NO LINE,UNAVAILABLE,2026-09-08T19:15:40.199212+00:00,0,,3.0,2.0,Minnesota Twins,5.0,MISS,UNGRADED — NO LINE,,,1.08,3.14,4.22,Final,2026-09-09T08:13:07.223798+00:00
824714,2026-09-08,2026-09-08T22:45:00Z,Los Angeles Angels,Boston Red Sox,Los Angeles Angels,NO EDGE,52.7,4.1,3.96,8.06,,NO LINE,UNAVAILABLE,2026-09-08T19:59:56.375903+00:00,0,,6.0,1.0,Los Angeles Angels,7.0,NO PLAY,UNGRADED — NO LINE,,,1.9,2.96,1.06,Final,2026-09-09T08:13:07.286247+00:00
823500,2026-09-08,2026-09-08T23:05:00Z,Colorado Rockies,New York Yankees,New York Yankees,STRONG,82.9,3.42,5.55,8.97,,NO LINE,UNAVAILABLE,2026-09-08T19:59:56.375903+00:00,0,,3.0,5.0,New York Yankees,8.0,HIT,UNGRADED — NO LINE,,,0.42,0.55,0.97,Final,2026-09-09T08:13:07.330109+00:00
824875,2026-09-08,2026-09-08T23:15:00Z,Tampa Bay Rays,Atlanta Braves,Tampa Bay Rays,NO EDGE,52.5,4.97,4.83,9.8,,NO LINE,UNAVAILABLE,2026-09-08T20:43:03.711191+00:00,0,,7.0,1.0,Tampa Bay Rays,8.0,NO PLAY,UNGRADED — NO LINE,,,2.03,3.83,1.8,Final,2026-09-09T08:13:07.376154+00:00
823738,2026-09-08,2026-09-08T23:40:00Z,Chicago Cubs,Milwaukee Brewers,Milwaukee Brewers,STRONG,77.4,3.81,5.47,9.28,,NO LINE,UNAVAILABLE,2026-09-08T22:36:44.892813+00:00,0,,3.0,4.0,Milwaukee Brewers,7.0,HIT,UNGRADED — NO LINE,,,0.81,1.47,2.28,Final,2026-09-09T08:13:07.414440+00:00
824551,2026-09-08,2026-09-08T23:40:00Z,Pittsburgh Pirates,Chicago White Sox,Chicago White Sox,LEAN,57.2,4.24,4.63,8.87,,NO LINE,UNAVAILABLE,2026-09-08T20:43:03.711191+00:00,0,,9.0,3.0,Pittsburgh Pirates,12.0,MISS,UNGRADED — NO LINE,,,4.76,1.63,3.13,Final,2026-09-09T08:13:07.450840+00:00
823092,2026-09-08,2026-09-09T01:40:00Z,Texas Rangers,Seattle Mariners,Texas Rangers,LEAN,56.5,3.88,3.53,7.41,,NO LINE,UNAVAILABLE,2026-09-08T23:51:05.123218+00:00,0,,10.0,5.0,Texas Rangers,15.0,HIT,UNGRADED — NO LINE,,,6.12,1.47,7.59,Final,2026-09-09T08:13:07.492369+00:00
823250,2026-09-08,2026-09-09T01:40:00Z,Washington Nationals,San Diego Padres,San Diego Padres,LEAN,61.5,4.43,5.07,9.5,,NO LINE,UNAVAILABLE,2026-09-08T22:36:44.892813+00:00,0,,4.0,5.0,San Diego Padres,9.0,HIT,UNGRADED — NO LINE,,,0.43,0.07,0.5,Final,2026-09-09T08:13:07.534729+00:00
824957,2026-09-08,2026-09-09T01:40:00Z,Toronto Blue Jays,Athletics,Toronto Blue Jays,STRONG,69.2,5.09,4.0,9.1,,NO LINE,UNAVAILABLE,2026-09-08T23:51:05.123218+00:00,0,,4.0,2.0,Toronto Blue Jays,6.0,HIT,UNGRADED — NO LINE,,,1.09,2.0,3.1,Final,2026-09-09T08:13:07.579951+00:00
823174,2026-09-08,2026-09-09T01:45:00Z,St. Louis Cardinals,San Francisco Giants,San Francisco Giants,NO EDGE,53.0,4.12,4.28,8.4,,NO LINE,UNAVAILABLE,2026-09-08T23:51:05.123218+00:00,0,,1.0,2.0,San Francisco Giants,3.0,NO PLAY,UNGRADED — NO LINE,,,3.12,2.28,5.4,Final,2026-09-09T08:13:07.622067+00:00
824956,2026-09-09,2026-09-09T19:05:00Z,Toronto Blue Jays,Athletics,Toronto Blue Jays,PLAY,61.5,4.72,4.09,8.81,,NO LINE,UNAVAILABLE,2026-09-09T17:30:42.806300+00:00,0,,0.0,2.0,Athletics,2.0,MISS,UNGRADED — NO LINE,,,4.72,2.09,6.81,Final,2026-09-09T22:31:36.780848+00:00
823172,2026-09-09,2026-09-09T19:45:00Z,St. Louis Cardinals,San Francisco Giants,St. Louis Cardinals,PLAY,58.3,4.46,4.01,8.47,,NO LINE,UNAVAILABLE,2026-09-09T17:30:42.806300+00:00,0,,6.0,7.0,San Francisco Giants,13.0,MISS,UNGRADED — NO LINE,,,1.54,2.99,4.53,Final,2026-09-09T22:31:36.925978+00:00
823090,2026-09-09,2026-09-09T20:10:00Z,Texas Rangers,Seattle Mariners,Texas Rangers,SKIP BET,54.7,4.81,4.55,9.36,,NO LINE,UNAVAILABLE,2026-09-09T19:04:54.544893+00:00,0,,2.0,3.0,Seattle Mariners,5.0,NO PLAY,UNGRADED — NO LINE,,,2.81,1.55,4.36,Game Over,2026-09-09T22:31:37.044291+00:00
823251,2026-09-09,2026-09-09T20:10:00Z,Washington Nationals,San Diego Padres,San Diego Padres,SKIP BET,52.4,4.83,4.96,9.79,,NO LINE,UNAVAILABLE,2026-09-09T19:04:54.544893+00:00,0,,2.0,9.0,San Diego Padres,11.0,NO PLAY,UNGRADED — NO LINE,,,2.83,4.04,1.21,Final,2026-09-09T23:45:46.871551+00:00
824791,2026-09-09,2026-09-09T22:35:00Z,Cleveland Guardians,Baltimore Orioles,Baltimore Orioles,SKIP BET,54.0,3.96,4.18,8.14,,NO LINE,UNAVAILABLE,2026-09-09T22:31:36.580066+00:00,0,,5.0,9.0,Baltimore Orioles,14.0,NO PLAY,UNGRADED — NO LINE,,,1.04,4.82,5.86,Final,2026-09-10T09:57:13.602466+00:00
823416,2026-09-09,2026-09-09T22:40:00Z,Houston Astros,Philadelphia Phillies,Philadelphia Phillies,PLAY,61.8,3.78,4.43,8.2,,NO LINE,UNAVAILABLE,2026-09-09T19:54:34.687079+00:00,0,,7.0,11.0,Philadelphia Phillies,18.0,HIT,UNGRADED — NO LINE,,,3.22,6.57,9.8,Final,2026-09-10T09:57:13.785235+00:00
823818,2026-09-09,2026-09-09T22:40:00Z,New York Mets,Miami Marlins,Miami Marlins,PLAY,63.4,4.13,4.87,9.0,,NO LINE,UNAVAILABLE,2026-09-09T20:24:21.325673+00:00,0,,15.0,14.0,New York Mets,29.0,MISS,UNGRADED — NO LINE,,,10.87,9.13,20.0,Final,2026-09-10T09:57:13.972061+00:00
824713,2026-09-09,2026-09-09T22:45:00Z,Los Angeles Angels,Boston Red Sox,Boston Red Sox,PLAY,76.9,3.49,5.12,8.61,,NO LINE,UNAVAILABLE,2026-09-09T19:54:34.687079+00:00,0,,6.0,4.0,Los Angeles Angels,10.0,MISS,UNGRADED — NO LINE,,,2.51,1.12,1.39,Final,2026-09-10T09:57:14.144079+00:00
823497,2026-09-09,2026-09-09T23:05:00Z,Colorado Rockies,New York Yankees,New York Yankees,PLAY,73.3,4.44,5.8,10.24,,NO LINE,UNAVAILABLE,2026-09-09T19:54:34.687079+00:00,0,,1.0,6.0,New York Yankees,7.0,HIT,UNGRADED — NO LINE,,,3.44,0.2,3.24,Final,2026-09-10T09:57:14.298368+00:00
824871,2026-09-09,2026-09-09T23:15:00Z,Tampa Bay Rays,Atlanta Braves,Atlanta Braves,SKIP BET,52.8,4.28,4.43,8.71,,NO LINE,UNAVAILABLE,2026-09-09T20:24:21.325673+00:00,0,,7.0,2.0,Tampa Bay Rays,9.0,NO PLAY,UNGRADED — NO LINE,,,2.72,2.43,0.29,Final,2026-09-10T09:57:14.468488+00:00
823739,2026-09-09,2026-09-09T23:40:00Z,Chicago Cubs,Milwaukee Brewers,Milwaukee Brewers,PLAY,66.2,4.06,4.97,9.03,,NO LINE,UNAVAILABLE,2026-09-09T22:31:36.580066+00:00,0,,6.0,8.0,Milwaukee Brewers,14.0,HIT,UNGRADED — NO LINE,,,1.94,3.03,4.97,Final,2026-09-10T09:57:14.636634+00:00
824549,2026-09-09,2026-09-09T23:40:00Z,Pittsburgh Pirates,Chicago White Sox,Pittsburgh Pirates,PLAY,56.3,4.68,4.33,9.01,,NO LINE,UNAVAILABLE,2026-09-09T20:24:21.325673+00:00,0,,4.0,2.0,Pittsburgh Pirates,6.0,HIT,UNGRADED — NO LINE,,,0.68,2.33,3.01,Final,2026-09-10T09:57:14.818547+00:00
823900,2026-09-09,2026-09-10T02:10:00Z,Cincinnati Reds,Los Angeles Dodgers,Los Angeles Dodgers,PLAY,84.0,3.34,5.58,8.93,,NO LINE,UNAVAILABLE,2026-09-09T22:31:36.580066+00:00,0,,1.0,14.0,Los Angeles Dodgers,15.0,HIT,UNGRADED — NO LINE,,,2.34,8.42,6.07,Final,2026-09-10T09:57:14.987355+00:00
823088,2026-09-10,2026-09-10T20:10:00Z,Texas Rangers,Seattle Mariners,Texas Rangers,SKIP BET,52.1,3.82,3.71,7.54,7.0,SKIP BET,SKIP BET,2026-09-10T18:56:54.999398+00:00,0,,3.0,4.0,Seattle Mariners,7.0,NO PLAY,UNGRADED — NO LINE,,,0.82,0.29,0.54,Final,2026-09-10T23:38:52.471793+00:00
823499,2026-09-10,2026-09-10T23:05:00Z,Colorado Rockies,New York Yankees,New York Yankees,PLAY,86.2,3.49,5.96,9.45,8.5,SKIP BET,SKIP BET,2026-09-10T20:22:35.026822+00:00,0,,3.0,10.0,New York Yankees,13.0,HIT,UNGRADED — NO LINE,,,0.49,4.04,3.55,Final,2026-09-11T09:54:56.519649+00:00
824550,2026-09-10,2026-09-10T23:40:00Z,Pittsburgh Pirates,Chicago White Sox,Chicago White Sox,PLAY,64.9,3.68,4.51,8.19,7.5,SKIP BET,SKIP BET,2026-09-10T22:28:32.488430+00:00,0,,2.0,0.0,Pittsburgh Pirates,2.0,MISS,UNGRADED — NO LINE,,,1.68,4.51,6.19,Final,2026-09-11T09:54:56.599142+00:00
824631,2026-09-11,2026-09-11T18:20:00Z,Pittsburgh Pirates,Chicago Cubs,Chicago Cubs,SKIP BET,50.9,4.82,4.87,9.69,8.5,OVER,PLAY,2026-09-11T17:30:12.580708+00:00,1,2026-09-11T17:30:12.580708+00:00,2.0,12.0,Chicago Cubs,14.0,NO PLAY,HIT,,,2.82,7.13,4.31,Final,2026-09-11T22:23:25.928869+00:00
824227,2026-09-11,2026-09-11T22:40:00Z,Colorado Rockies,Detroit Tigers,Detroit Tigers,PLAY,66.8,4.23,5.18,9.41,8.0,OVER,PLAY,2026-09-11T18:59:29.117726+00:00,1,2026-09-11T18:59:29.117726+00:00,2.0,6.0,Detroit Tigers,8.0,HIT,PUSH,,,2.23,0.82,1.41,Final,2026-09-12T09:30:35.945545+00:00
822684,2026-09-11,2026-09-11T22:45:00Z,Los Angeles Angels,Washington Nationals,Washington Nationals,PLAY,75.7,3.76,5.29,9.05,8.0,OVER,PLAY,2026-09-11T19:58:46.974173+00:00,1,2026-09-11T19:58:46.974173+00:00,3.0,4.0,Washington Nationals,7.0,HIT,MISS,,,0.76,1.29,2.05,Final,2026-09-12T09:30:36.198936+00:00
823498,2026-09-11,2026-09-11T23:05:00Z,New York Mets,New York Yankees,New York Yankees,PLAY,61.6,3.5,4.13,7.63,8.5,SKIP BET,SKIP BET,2026-09-11T19:58:46.974173+00:00,0,,4.0,6.0,New York Yankees,10.0,HIT,UNGRADED — NO LINE,,,0.5,1.87,2.37,Final,2026-09-12T09:30:36.436374+00:00
822767,2026-09-11,2026-09-11T23:07:00Z,Baltimore Orioles,Toronto Blue Jays,Baltimore Orioles,PLAY,60.0,5.04,4.49,9.52,8.5,OVER,PLAY,2026-09-11T22:23:25.674636+00:00,1,2026-09-11T22:23:25.674636+00:00,7.0,4.0,Baltimore Orioles,11.0,HIT,HIT,,,1.96,0.49,1.48,Final,2026-09-12T09:30:36.618420+00:00
822930,2026-09-11,2026-09-11T23:10:00Z,Houston Astros,Tampa Bay Rays,Tampa Bay Rays,PLAY,66.8,3.48,4.43,7.91,8.0,SKIP BET,SKIP BET,2026-09-11T22:23:25.674636+00:00,0,,1.0,3.0,Tampa Bay Rays,4.0,HIT,UNGRADED — NO LINE,,,2.48,1.43,3.91,Final,2026-09-12T09:30:36.804679+00:00
823817,2026-09-11,2026-09-11T23:10:00Z,Los Angeles Dodgers,Miami Marlins,Los Angeles Dodgers,PLAY,75.6,4.78,3.25,8.02,7.5,SKIP BET,SKIP BET,2026-09-11T22:26:25.102159+00:00,0,,6.0,2.0,Los Angeles Dodgers,8.0,HIT,UNGRADED — NO LINE,,,1.22,1.25,0.02,Final,2026-09-12T09:30:36.977839+00:00
824711,2026-09-11,2026-09-11T23:10:00Z,Kansas City Royals,Boston Red Sox,Boston Red Sox,PLAY,74.4,3.53,4.98,8.51,8.5,SKIP BET,SKIP BET,2026-09-11T18:59:29.117726+00:00,0,,3.0,2.0,Kansas City Royals,5.0,MISS,UNGRADED — NO LINE,,,0.53,2.98,3.51,Final,2026-09-12T09:30:37.145042+00:00
824873,2026-09-11,2026-09-11T23:15:00Z,Philadelphia Phillies,Atlanta Braves,Atlanta Braves,PLAY,77.1,3.27,4.91,8.17,7.5,SKIP BET,SKIP BET,2026-09-11T20:27:23.158104+00:00,0,,5.0,6.0,Atlanta Braves,11.0,HIT,UNGRADED — NO LINE,,,1.73,1.09,2.83,Final,2026-09-12T09:30:37.333929+00:00
823736,2026-09-11,2026-09-11T23:45:00Z,Cincinnati Reds,Milwaukee Brewers,Milwaukee Brewers,PLAY,73.7,4.04,5.43,9.48,8.0,OVER,PLAY,2026-09-11T22:23:25.674636+00:00,1,2026-09-11T22:23:25.674636+00:00,0.0,20.0,Milwaukee Brewers,20.0,HIT,HIT,,,4.04,14.57,10.52,Final,2026-09-12T09:30:37.499871+00:00
823659,2026-09-11,2026-09-12T00:10:00Z,Cleveland Guardians,Minnesota Twins,Cleveland Guardians,PLAY,58.1,4.1,3.65,7.75,7.5,SKIP BET,SKIP BET,2026-09-11T22:23:25.674636+00:00,0,,5.0,2.0,Cleveland Guardians,7.0,HIT,UNGRADED — NO LINE,,,0.9,1.65,0.75,Final,2026-09-12T09:30:37.679960+00:00
823012,2026-09-11,2026-09-12T00:15:00Z,Chicago White Sox,St. Louis Cardinals,Chicago White Sox,SKIP BET,55.8,5.06,4.74,9.8,8.5,OVER,PLAY,2026-09-11T20:27:23.158104+00:00,1,2026-09-11T20:27:23.158104+00:00,3.0,7.0,St. Louis Cardinals,10.0,NO PLAY,HIT,,,2.06,2.26,0.2,Final,2026-09-12T09:30:37.864143+00:00
824954,2026-09-11,2026-09-12T01:40:00Z,Seattle Mariners,Athletics,Seattle Mariners,PLAY,63.5,5.26,4.51,9.76,9.5,SKIP BET,SKIP BET,2026-09-11T23:46:27.776588+00:00,0,,5.0,6.0,Athletics,11.0,MISS,UNGRADED — NO LINE,,,0.26,1.49,1.24,Final,2026-09-12T09:30:38.050884+00:00
823173,2026-09-11,2026-09-12T02:15:00Z,San Diego Padres,San Francisco Giants,San Francisco Giants,SKIP BET,55.2,3.64,3.93,7.57,8.0,SKIP BET,SKIP BET,2026-09-11T22:23:25.674636+00:00,0,,7.0,5.0,San Diego Padres,12.0,NO PLAY,UNGRADED — NO LINE,,,3.36,1.07,4.43,Final,2026-09-12T09:30:38.164600+00:00
824224,2026-09-12,2026-09-12T17:10:00Z,Colorado Rockies,Detroit Tigers,Detroit Tigers,PLAY,72.9,4.23,5.56,9.79,8.5,OVER,PLAY,2026-09-12T16:44:03.803319+00:00,1,2026-09-12T16:44:03.803319+00:00,7.0,11.0,Detroit Tigers,18.0,HIT,HIT,,,2.77,5.44,8.21,Game Over,2026-09-12T20:32:48.777234+00:00
823496,2026-09-12,2026-09-12T17:35:00Z,New York Mets,New York Yankees,New York Yankees,PLAY,66.8,3.77,4.72,8.49,8.0,SKIP BET,SKIP BET,2026-09-12T16:44:03.803319+00:00,0,,12.0,2.0,New York Mets,14.0,MISS,UNGRADED — NO LINE,,,8.23,2.72,5.51,Final,2026-09-12T20:32:48.949603+00:00
824630,2026-09-12,2026-09-12T18:20:00Z,Pittsburgh Pirates,Chicago Cubs,Chicago Cubs,PLAY,56.8,4.33,4.7,9.04,9.5,SKIP BET,SKIP BET,2026-09-12T16:44:03.803319+00:00,0,,3.0,4.0,Chicago Cubs,7.0,HIT,UNGRADED — NO LINE,,,1.33,0.7,2.04,Final,2026-09-12T22:14:02.407968+00:00
822768,2026-09-12,2026-09-12T19:07:00Z,Baltimore Orioles,Toronto Blue Jays,Toronto Blue Jays,PLAY,59.6,3.63,4.15,7.78,8.5,SKIP BET,SKIP BET,2026-09-12T16:44:03.803319+00:00,0,,3.0,7.0,Toronto Blue Jays,10.0,HIT,UNGRADED — NO LINE,,,0.63,2.85,2.22,Final,2026-09-12T22:14:02.599038+00:00
822685,2026-09-12,2026-09-12T20:05:00Z,Los Angeles Angels,Washington Nationals,Washington Nationals,SKIP BET,55.5,4.0,4.3,8.31,8.0,SKIP BET,SKIP BET,2026-09-12T18:05:31.322757+00:00,0,,5.0,6.0,Washington Nationals,11.0,NO PLAY,UNGRADED — NO LINE,,,1.0,1.7,2.69,Final,2026-09-12T23:40:27.021350+00:00
823170,2026-09-12,2026-09-12T20:05:00Z,San Diego Padres,San Francisco Giants,San Francisco Giants,SKIP BET,52.8,3.46,3.61,7.07,7.5,SKIP BET,SKIP BET,2026-09-12T18:05:31.322757+00:00,0,,7.0,6.0,San Diego Padres,13.0,NO PLAY,UNGRADED — NO LINE,,,3.54,2.39,5.93,Final,2026-09-12T23:40:27.056016+00:00
823657,2026-09-12,2026-09-12T20:10:00Z,Cleveland Guardians,Minnesota Twins,Cleveland Guardians,PLAY,60.6,4.4,3.82,8.22,8.5,SKIP BET,SKIP BET,2026-09-12T18:05:31.322757+00:00,0,,3.0,4.0,Minnesota Twins,7.0,MISS,UNGRADED — NO LINE,,,1.4,0.18,1.22,Final,2026-09-12T23:40:27.094913+00:00
823819,2026-09-12,2026-09-12T20:10:00Z,Los Angeles Dodgers,Miami Marlins,Los Angeles Dodgers,PLAY,68.7,4.56,3.49,8.05,8.0,SKIP BET,SKIP BET,2026-09-12T18:05:31.322757+00:00,0,,3.0,4.0,Miami Marlins,7.0,MISS,UNGRADED — NO LINE,,,1.56,0.51,1.05,Final,2026-09-12T23:40:27.128731+00:00
824712,2026-09-12,2026-09-12T20:10:00Z,Kansas City Royals,Boston Red Sox,Boston Red Sox,PLAY,61.5,3.66,4.29,7.95,8.5,SKIP BET,SKIP BET,2026-09-12T16:44:03.803319+00:00,0,,1.0,5.0,Boston Red Sox,6.0,HIT,UNGRADED — NO LINE,,,2.66,0.71,1.95,Final,2026-09-12T23:40:27.159614+00:00
822927,2026-09-12,2026-09-12T22:10:00Z,Houston Astros,Tampa Bay Rays,Tampa Bay Rays,SKIP BET,54.5,4.09,4.33,8.42,7.5,SKIP BET,SKIP BET,2026-09-12T19:35:37.997442+00:00,0,,2.0,3.0,Tampa Bay Rays,5.0,NO PLAY,UNGRADED — NO LINE,,,2.09,1.33,3.42,Final,2026-09-13T10:29:41.002925+00:00
823737,2026-09-12,2026-09-12T23:10:00Z,Cincinnati Reds,Milwaukee Brewers,Milwaukee Brewers,PLAY,81.5,3.91,5.91,9.83,8.5,OVER,PLAY,2026-09-12T22:14:02.127073+00:00,1,2026-09-12T22:14:02.127073+00:00,9.0,13.0,Milwaukee Brewers,22.0,HIT,HIT,,,5.09,7.09,12.17,Final,2026-09-13T10:29:41.157805+00:00
823009,2026-09-12,2026-09-12T23:15:00Z,Chicago White Sox,St. Louis Cardinals,Chicago White Sox,PLAY,58.4,4.39,3.93,8.32,8.5,SKIP BET,SKIP BET,2026-09-12T20:10:43.792843+00:00,0,,6.0,5.0,Chicago White Sox,11.0,HIT,UNGRADED — NO LINE,,,1.61,1.07,2.68,Final,2026-09-13T10:29:41.322418+00:00
824870,2026-09-12,2026-09-12T23:15:00Z,Philadelphia Phillies,Atlanta Braves,Philadelphia Phillies,SKIP BET,52.2,4.2,4.08,8.27,8.5,SKIP BET,SKIP BET,2026-09-12T20:10:43.792843+00:00,0,,2.0,12.0,Atlanta Braves,14.0,NO PLAY,UNGRADED — NO LINE,,,2.2,7.92,5.73,Final,2026-09-13T10:29:41.443547+00:00
824955,2026-09-12,2026-09-13T01:40:00Z,Seattle Mariners,Athletics,Seattle Mariners,PLAY,59.2,4.62,4.12,8.73,9.5,SKIP BET,SKIP BET,2026-09-12T22:14:02.127073+00:00,0,,19.0,1.0,Seattle Mariners,20.0,HIT,UNGRADED — NO LINE,,,14.38,3.12,11.27,Final,2026-09-13T10:29:41.540959+00:00
822682,2026-09-13,2026-09-13T17:35:00Z,Los Angeles Angels,Washington Nationals,Washington Nationals,PLAY,69.9,4.69,5.82,10.51,9.5,OVER,PLAY,2026-09-13T17:13:55.998836+00:00,1,2026-09-13T17:13:55.998836+00:00,5.0,6.0,Washington Nationals,11.0,HIT,HIT,,,0.31,0.18,0.49,Game Over,2026-09-13T20:19:15.382749+00:00
823495,2026-09-13,2026-09-13T17:35:00Z,New York Mets,New York Yankees,New York Yankees,PLAY,70.1,3.27,4.42,7.7,7.5,SKIP BET,SKIP BET,2026-09-13T17:13:55.998836+00:00,0,,0.0,2.0,New York Yankees,2.0,HIT,UNGRADED — NO LINE,,,3.27,2.42,5.7,Final,2026-09-13T20:49:32.219126+00:00
824869,2026-09-13,2026-09-13T17:35:00Z,Philadelphia Phillies,Atlanta Braves,Atlanta Braves,PLAY,67.9,4.27,5.28,9.54,9.5,SKIP BET,SKIP BET,2026-09-13T17:13:55.998836+00:00,0,,9.0,4.0,Philadelphia Phillies,13.0,MISS,UNGRADED — NO LINE,,,4.73,1.28,3.46,Final,2026-09-13T20:49:32.325317+00:00
822764,2026-09-13,2026-09-13T17:37:00Z,Baltimore Orioles,Toronto Blue Jays,Toronto Blue Jays,PLAY,60.9,3.46,4.05,7.51,7.0,SKIP BET,SKIP BET,2026-09-13T17:13:55.998836+00:00,0,,1.0,8.0,Toronto Blue Jays,9.0,HIT,UNGRADED — NO LINE,,,2.46,3.95,1.49,Final,2026-09-13T20:49:32.414043+00:00
822928,2026-09-13,2026-09-13T17:40:00Z,Houston Astros,Tampa Bay Rays,Houston Astros,SKIP BET,55.7,4.45,4.14,8.58,7.5,OVER,PLAY,2026-09-13T17:13:55.998836+00:00,1,2026-09-13T17:13:55.998836+00:00,4.0,14.0,Tampa Bay Rays,18.0,NO PLAY,HIT,,,0.45,9.86,9.42,Final,2026-09-13T20:49:32.542149+00:00
823815,2026-09-13,2026-09-13T17:40:00Z,Los Angeles Dodgers,Miami Marlins,Miami Marlins,SKIP BET,51.2,4.4,4.47,8.87,8.5,SKIP BET,SKIP BET,2026-09-13T17:13:55.998836+00:00,0,,4.0,6.0,Miami Marlins,10.0,NO PLAY,UNGRADED — NO LINE,,,0.4,1.53,1.13,Game Over,2026-09-13T20:49:32.639843+00:00
823658,2026-09-13,2026-09-13T18:10:00Z,Cleveland Guardians,Minnesota Twins,Minnesota Twins,PLAY,60.9,3.91,4.51,8.41,7.5,SKIP BET,SKIP BET,2026-09-13T17:13:55.998836+00:00,0,,9.0,2.0,Cleveland Guardians,11.0,MISS,UNGRADED — NO LINE,,,5.09,2.51,2.59,Final,2026-09-13T22:21:59.335082+00:00
823734,2026-09-13,2026-09-13T18:10:00Z,Cincinnati Reds,Milwaukee Brewers,Milwaukee Brewers,PLAY,60.8,4.12,4.72,8.84,8.0,SKIP BET,SKIP BET,2026-09-13T17:13:55.998836+00:00,0,,4.0,3.0,Cincinnati Reds,7.0,MISS,UNGRADED — NO LINE,,,0.12,1.72,1.84,Game Over,2026-09-13T20:49:32.812675+00:00
823008,2026-09-13,2026-09-13T18:15:00Z,Chicago White Sox,St. Louis Cardinals,St. Louis Cardinals,PLAY,62.0,4.67,5.33,10.0,8.5,OVER,PLAY,2026-09-13T17:13:55.998836+00:00,1,2026-09-13T17:13:55.998836+00:00,1.0,3.0,St. Louis Cardinals,4.0,HIT,MISS,,,3.67,2.33,6.0,Game Over,2026-09-13T20:49:32.889656+00:00
824628,2026-09-13,2026-09-13T18:20:00Z,Pittsburgh Pirates,Chicago Cubs,Chicago Cubs,SKIP BET,54.2,4.74,4.97,9.7,7.0,OVER,PLAY,2026-09-13T17:13:55.998836+00:00,1,2026-09-13T17:13:55.998836+00:00,4.0,3.0,Pittsburgh Pirates,7.0,NO PLAY,PUSH,,,0.74,1.97,2.7,Final,2026-09-13T22:21:59.371713+00:00
824708,2026-09-13,2026-09-13T19:05:00Z,Kansas City Royals,Boston Red Sox,Boston Red Sox,PLAY,67.6,3.45,4.45,7.9,7.5,SKIP BET,SKIP BET,2026-09-13T18:33:29.450088+00:00,0,,1.0,4.0,Boston Red Sox,5.0,HIT,UNGRADED — NO LINE,,,2.45,0.45,2.9,Final,2026-09-13T23:52:46.857963+00:00
824952,2026-09-13,2026-09-13T20:05:00Z,Seattle Mariners,Athletics,Seattle Mariners,PLAY,58.9,4.87,4.38,9.25,9.0,SKIP BET,SKIP BET,2026-09-13T18:33:29.450088+00:00,0,,7.0,8.0,Athletics,15.0,MISS,UNGRADED — NO LINE,,,2.13,3.62,5.75,Final,2026-09-13T23:52:47.036808+00:00
823171,2026-09-13,2026-09-13T23:20:00Z,San Diego Padres,San Francisco Giants,San Diego Padres,PLAY,61.0,3.86,3.26,7.12,7.5,SKIP BET,SKIP BET,2026-09-13T20:19:15.102633+00:00,0,,6.0,4.0,San Diego Padres,10.0,HIT,UNGRADED — NO LINE,,,2.14,0.74,2.88,Final,2026-09-14T10:53:00.210257+00:00
824386,2026-09-14,2026-09-14T22:40:00Z,Chicago White Sox,Cleveland Guardians,Chicago White Sox,PLAY,58.7,3.99,3.52,7.51,,NO LINE,UNAVAILABLE,2026-09-14T20:11:21.186839+00:00,0,,7.0,3.0,Chicago White Sox,10.0,HIT,UNGRADED — NO LINE,,,3.01,0.52,2.49,Final,2026-09-15T10:18:03.330130+00:00
824465,2026-09-14,2026-09-14T22:40:00Z,Los Angeles Dodgers,Cincinnati Reds,Los Angeles Dodgers,PLAY,84.9,5.77,3.44,9.21,,NO LINE,UNAVAILABLE,2026-09-14T20:11:21.186839+00:00,0,,4.0,1.0,Los Angeles Dodgers,5.0,HIT,UNGRADED — NO LINE,,,1.77,2.44,4.21,Final,2026-09-15T10:18:03.361180+00:00
822765,2026-09-14,2026-09-14T23:07:00Z,Detroit Tigers,Toronto Blue Jays,Detroit Tigers,PLAY,60.5,3.96,3.38,7.34,,NO LINE,UNAVAILABLE,2026-09-14T20:11:21.186839+00:00,0,,6.0,5.0,Detroit Tigers,11.0,HIT,UNGRADED — NO LINE,,,2.04,1.62,3.66,Final,2026-09-15T10:18:03.452692+00:00
823575,2026-09-14,2026-09-14T23:10:00Z,Baltimore Orioles,New York Mets,Baltimore Orioles,SKIP BET,53.4,4.48,4.3,8.78,,NO LINE,UNAVAILABLE,2026-09-14T20:11:21.186839+00:00,0,,2.0,1.0,Baltimore Orioles,3.0,NO PLAY,UNGRADED — NO LINE,,,2.48,3.3,5.78,Final,2026-09-15T10:18:03.482252+00:00
823656,2026-09-14,2026-09-14T23:40:00Z,New York Yankees,Minnesota Twins,New York Yankees,PLAY,65.8,5.11,4.23,9.34,,NO LINE,UNAVAILABLE,2026-09-14T21:00:12.766140+00:00,0,,8.0,3.0,New York Yankees,11.0,HIT,UNGRADED — NO LINE,,,2.89,1.23,1.66,Final,2026-09-15T10:18:03.523255+00:00
824629,2026-09-14,2026-09-14T23:40:00Z,Atlanta Braves,Chicago Cubs,Atlanta Braves,SKIP BET,50.7,5.05,5.02,10.07,,NO LINE,UNAVAILABLE,2026-09-14T20:11:21.186839+00:00,0,,3.0,7.0,Chicago Cubs,10.0,NO PLAY,UNGRADED — NO LINE,,,2.05,1.98,0.07,Final,2026-09-15T10:18:03.552268+00:00
823006,2026-09-14,2026-09-14T23:45:00Z,San Francisco Giants,St. Louis Cardinals,St. Louis Cardinals,SKIP BET,51.7,4.22,4.31,8.53,,NO LINE,UNAVAILABLE,2026-09-14T20:11:21.186839+00:00,0,,1.0,2.0,St. Louis Cardinals,3.0,NO PLAY,UNGRADED — NO LINE,,,3.22,2.31,5.53,Final,2026-09-15T10:18:03.640755+00:00
822925,2026-09-15,2026-09-15T22:40:00Z,Athletics,Tampa Bay Rays,Tampa Bay Rays,PLAY,77.1,4.01,5.65,9.66,8.0,OVER,PLAY,2026-09-15T20:25:15.199957+00:00,1,2026-09-15T20:25:15.199957+00:00,1.0,2.0,Tampa Bay Rays,3.0,HIT,MISS,,,3.01,3.65,6.66,Final,2026-09-16T10:11:26.123529+00:00
823333,2026-09-15,2026-09-15T22:40:00Z,Milwaukee Brewers,Pittsburgh Pirates,Milwaukee Brewers,PLAY,66.4,4.44,3.51,7.95,7.5,SKIP BET,SKIP BET,2026-09-15T19:29:33.396677+00:00,0,,5.0,1.0,Milwaukee Brewers,6.0,HIT,UNGRADED — NO LINE,,,0.56,2.51,1.95,Final,2026-09-16T10:11:26.322516+00:00
824384,2026-09-15,2026-09-15T22:40:00Z,Chicago White Sox,Cleveland Guardians,Chicago White Sox,SKIP BET,54.9,4.22,3.96,8.18,9.0,SKIP BET,SKIP BET,2026-09-15T19:29:33.396677+00:00,0,,6.0,7.0,Cleveland Guardians,13.0,NO PLAY,UNGRADED — NO LINE,,,1.78,3.04,4.82,Final,2026-09-16T10:11:26.522300+00:00
824466,2026-09-15,2026-09-15T22:40:00Z,Los Angeles Dodgers,Cincinnati Reds,Los Angeles Dodgers,PLAY,84.7,5.9,3.59,9.49,8.5,OVER,PLAY,2026-09-15T19:29:33.396677+00:00,1,2026-09-15T20:25:15.199957+00:00,4.0,0.0,Los Angeles Dodgers,4.0,HIT,MISS,,,1.9,3.59,5.49,Final,2026-09-16T10:11:26.707311+00:00
822762,2026-09-15,2026-09-15T23:07:00Z,Detroit Tigers,Toronto Blue Jays,Detroit Tigers,SKIP BET,50.1,3.89,3.89,7.78,8.5,SKIP BET,SKIP BET,2026-09-15T20:53:14.265884+00:00,0,,10.0,1.0,Detroit Tigers,11.0,NO PLAY,UNGRADED — NO LINE,,,6.11,2.89,3.22,Final,2026-09-16T10:11:26.879172+00:00
823574,2026-09-15,2026-09-15T23:10:00Z,Baltimore Orioles,New York Mets,Baltimore Orioles,PLAY,58.0,4.59,4.16,8.75,8.5,SKIP BET,SKIP BET,2026-09-15T20:25:15.199957+00:00,0,,7.0,5.0,Baltimore Orioles,12.0,HIT,UNGRADED — NO LINE,,,2.41,0.84,3.25,Final,2026-09-16T10:11:27.064637+00:00
823654,2026-09-15,2026-09-15T23:40:00Z,New York Yankees,Minnesota Twins,New York Yankees,PLAY,73.8,4.71,3.31,8.01,8.0,SKIP BET,SKIP BET,2026-09-15T20:53:14.265884+00:00,0,,8.0,1.0,New York Yankees,9.0,HIT,UNGRADED — NO LINE,,,3.29,2.31,0.99,Final,2026-09-16T10:11:27.221342+00:00
824627,2026-09-15,2026-09-15T23:40:00Z,Atlanta Braves,Chicago Cubs,Atlanta Braves,SKIP BET,51.6,4.68,4.59,9.27,7.5,OVER,PLAY,2026-09-15T22:55:36.197801+00:00,1,2026-09-15T22:55:36.197801+00:00,6.0,3.0,Atlanta Braves,9.0,NO PLAY,HIT,,,1.32,1.59,0.27,Final,2026-09-16T10:11:27.396211+00:00
823007,2026-09-15,2026-09-15T23:45:00Z,San Francisco Giants,St. Louis Cardinals,St. Louis Cardinals,PLAY,65.9,3.84,4.73,8.57,8.0,SKIP BET,SKIP BET,2026-09-15T20:25:15.199957+00:00,0,,10.0,3.0,San Francisco Giants,13.0,MISS,UNGRADED — NO LINE,,,6.16,1.73,4.43,Final,2026-09-16T10:11:27.569531+00:00
822849,2026-09-15,2026-09-16T00:05:00Z,Boston Red Sox,Texas Rangers,Texas Rangers,SKIP BET,55.4,4.16,4.45,8.61,7.5,OVER,PLAY,2026-09-15T20:25:15.199957+00:00,1,2026-09-15T20:25:15.199957+00:00,2.0,4.0,Texas Rangers,6.0,NO PLAY,MISS,,,2.16,0.45,2.61,Final,2026-09-16T10:11:27.749901+00:00
824143,2026-09-15,2026-09-16T00:10:00Z,Kansas City Royals,Houston Astros,Houston Astros,SKIP BET,53.3,4.21,4.39,8.59,9.0,SKIP BET,SKIP BET,2026-09-15T20:53:14.265884+00:00,0,,2.0,4.0,Houston Astros,6.0,NO PLAY,UNGRADED — NO LINE,,,2.21,0.39,2.59,Final,2026-09-16T10:11:27.897899+00:00
824307,2026-09-15,2026-09-16T00:40:00Z,San Diego Padres,Colorado Rockies,San Diego Padres,PLAY,66.2,5.7,4.79,10.5,11.5,UNDER,PLAY,2026-09-15T22:55:36.197801+00:00,1,2026-09-15T23:56:03.970578+00:00,3.0,9.0,Colorado Rockies,12.0,MISS,MISS,,,2.7,4.21,1.5,Final,2026-09-16T10:11:28.064633+00:00
823980,2026-09-15,2026-09-16T01:38:00Z,Seattle Mariners,Los Angeles Angels,Seattle Mariners,PLAY,62.6,4.66,3.96,8.62,8.5,SKIP BET,SKIP BET,2026-09-15T22:55:36.197801+00:00,0,,1.0,2.0,Los Angeles Angels,3.0,MISS,UNGRADED — NO LINE,,,3.66,1.96,5.62,Final,2026-09-16T10:11:28.234075+00:00
824382,2026-09-16,2026-09-16T17:10:00Z,Chicago White Sox,Cleveland Guardians,Cleveland Guardians,PLAY,65.8,3.56,4.45,8.01,7.0,OVER,PLAY,2026-09-16T15:47:01.329400+00:00,1,2026-09-16T15:47:01.329400+00:00,3.0,6.0,Cleveland Guardians,9.0,HIT,HIT,,,0.56,1.55,0.99,Final,2026-09-16T20:18:43.704824+00:00
823004,2026-09-16,2026-09-16T17:15:00Z,San Francisco Giants,St. Louis Cardinals,San Francisco Giants,SKIP BET,50.0,4.86,4.86,9.72,8.0,OVER,PLAY,2026-09-16T15:47:01.329400+00:00,1,2026-09-16T15:47:01.329400+00:00,6.0,5.0,San Francisco Giants,11.0,NO PLAY,HIT,,,1.14,0.14,1.28,Final,2026-09-16T21:14:42.959829+00:00
823655,2026-09-16,2026-09-16T17:40:00Z,New York Yankees,Minnesota Twins,New York Yankees,PLAY,75.6,5.1,3.57,8.67,8.0,SKIP BET,SKIP BET,2026-09-16T16:27:51.038467+00:00,0,,4.0,5.0,Minnesota Twins,9.0,MISS,UNGRADED — NO LINE,,,1.1,1.43,0.33,Final,2026-09-16T22:19:05.835280+00:00
822763,2026-09-16,2026-09-16T19:07:00Z,Detroit Tigers,Toronto Blue Jays,Detroit Tigers,PLAY,73.7,5.13,3.74,8.88,8.5,SKIP BET,SKIP BET,2026-09-16T16:27:51.038467+00:00,0,,1.0,5.0,Toronto Blue Jays,6.0,MISS,UNGRADED — NO LINE,,,4.13,1.26,2.88,Final,2026-09-16T22:19:05.996874+00:00
822926,2026-09-16,2026-09-16T22:40:00Z,Athletics,Tampa Bay Rays,Tampa Bay Rays,PLAY,71.5,3.66,4.9,8.56,7.5,OVER,PLAY,2026-09-16T20:18:43.579283+00:00,1,2026-09-16T20:18:43.579283+00:00,3.0,4.0,Tampa Bay Rays,7.0,HIT,MISS,,,0.66,0.9,1.56,Final,2026-09-17T10:16:36.980726+00:00
823332,2026-09-16,2026-09-16T22:40:00Z,Milwaukee Brewers,Pittsburgh Pirates,Milwaukee Brewers,PLAY,64.7,4.55,3.73,8.28,7.5,SKIP BET,SKIP BET,2026-09-16T20:18:43.579283+00:00,0,,5.0,4.0,Milwaukee Brewers,9.0,HIT,UNGRADED — NO LINE,,,0.45,0.27,0.72,Final,2026-09-17T10:16:37.171739+00:00
824467,2026-09-16,2026-09-16T22:40:00Z,Los Angeles Dodgers,Cincinnati Reds,Los Angeles Dodgers,PLAY,84.6,5.61,3.3,8.91,8.5,SKIP BET,SKIP BET,2026-09-16T20:18:43.579283+00:00,0,,2.0,6.0,Cincinnati Reds,8.0,MISS,UNGRADED — NO LINE,,,3.61,2.7,0.91,Final,2026-09-17T10:16:37.290892+00:00
822680,2026-09-16,2026-09-16T22:45:00Z,Philadelphia Phillies,Washington Nationals,Philadelphia Phillies,SKIP BET,53.3,4.54,4.36,8.9,9.0,SKIP BET,SKIP BET,2026-09-16T20:18:43.579283+00:00,0,,3.0,0.0,Philadelphia Phillies,3.0,NO PLAY,UNGRADED — NO LINE,,,1.54,4.36,5.9,Final,2026-09-17T10:16:37.396722+00:00
823576,2026-09-16,2026-09-16T23:10:00Z,Baltimore Orioles,New York Mets,New York Mets,SKIP BET,54.9,4.45,4.71,9.16,,NO LINE,UNAVAILABLE,2026-09-16T22:19:05.600840+00:00,0,,7.0,1.0,Baltimore Orioles,8.0,NO PLAY,UNGRADED — NO LINE,,,2.55,3.71,1.16,Final,2026-09-17T10:16:37.491822+00:00
824626,2026-09-16,2026-09-16T23:40:00Z,Atlanta Braves,Chicago Cubs,Chicago Cubs,PLAY,60.5,4.58,5.15,9.73,7.5,OVER,PLAY,2026-09-16T21:14:42.764437+00:00,1,2026-09-16T21:14:42.764437+00:00,4.0,8.0,Chicago Cubs,12.0,HIT,HIT,,,0.58,2.85,2.27,Final,2026-09-17T10:16:37.598109+00:00
822846,2026-09-16,2026-09-17T00:05:00Z,Boston Red Sox,Texas Rangers,Boston Red Sox,PLAY,61.3,4.57,3.95,8.52,8.0,SKIP BET,SKIP BET,2026-09-16T21:14:42.764437+00:00,0,,3.0,7.0,Texas Rangers,10.0,MISS,UNGRADED — NO LINE,,,1.57,3.05,1.48,Final,2026-09-17T10:16:37.691478+00:00
824140,2026-09-16,2026-09-17T00:10:00Z,Kansas City Royals,Houston Astros,Kansas City Royals,PLAY,60.4,4.95,4.38,9.33,9.0,SKIP BET,SKIP BET,2026-09-16T20:18:43.579283+00:00,0,,5.0,2.0,Kansas City Royals,7.0,HIT,UNGRADED — NO LINE,,,0.05,2.38,2.33,Final,2026-09-17T10:16:37.792885+00:00
824306,2026-09-16,2026-09-17T00:40:00Z,San Diego Padres,Colorado Rockies,San Diego Padres,PLAY,58.0,5.05,4.62,9.67,,NO LINE,UNAVAILABLE,2026-09-16T22:19:05.600840+00:00,0,,9.0,3.0,San Diego Padres,12.0,HIT,UNGRADED — NO LINE,,,3.95,1.62,2.33,Final,2026-09-17T10:16:37.900528+00:00
823979,2026-09-16,2026-09-17T01:38:00Z,Seattle Mariners,Los Angeles Angels,Seattle Mariners,SKIP BET,50.1,4.36,4.36,8.72,,NO LINE,UNAVAILABLE,2026-09-16T22:53:07.089953+00:00,0,,7.0,2.0,Seattle Mariners,9.0,NO PLAY,UNGRADED — NO LINE,,,2.64,2.36,0.28,Final,2026-09-17T10:16:38.001227+00:00
824464,2026-09-17,2026-09-17T16:40:00Z,Los Angeles Dodgers,Cincinnati Reds,Los Angeles Dodgers,PLAY,77.1,5.99,4.35,10.34,,NO LINE,UNAVAILABLE,2026-09-17T14:48:00.199987+00:00,0,,8.0,2.0,Los Angeles Dodgers,10.0,HIT,UNGRADED — NO LINE,,,2.01,2.35,0.34,Final,2026-09-17T19:47:43.175518+00:00
822924,2026-09-17,2026-09-17T17:10:00Z,Athletics,Tampa Bay Rays,Tampa Bay Rays,PLAY,86.3,3.38,5.86,9.24,,NO LINE,UNAVAILABLE,2026-09-17T14:48:00.199987+00:00,0,,1.0,10.0,Tampa Bay Rays,11.0,HIT,UNGRADED — NO LINE,,,2.38,4.14,1.76,Final,2026-09-17T20:36:08.341131+00:00
824305,2026-09-17,2026-09-17T19:10:00Z,San Diego Padres,Colorado Rockies,San Diego Padres,PLAY,73.4,5.67,4.3,9.97,,NO LINE,UNAVAILABLE,2026-09-17T18:13:47.953075+00:00,0,,9.0,2.0,San Diego Padres,11.0,HIT,UNGRADED — NO LINE,,,3.33,2.3,1.03,Final,2026-09-17T22:54:02.336645+00:00
823573,2026-09-17,2026-09-17T23:15:00Z,Philadelphia Phillies,New York Mets,New York Mets,PLAY,64.3,3.88,4.68,8.56,,NO LINE,UNAVAILABLE,2026-09-17T20:36:08.158053+00:00,0,,3.0,0.0,Philadelphia Phillies,3.0,MISS,UNGRADED — NO LINE,,,0.88,4.68,5.56,Final,2026-09-18T09:58:05.082463+00:00
824141,2026-09-17,2026-09-17T23:15:00Z,Kansas City Royals,Houston Astros,Houston Astros,PLAY,66.4,4.13,5.05,9.19,,NO LINE,UNAVAILABLE,2026-09-17T20:36:08.158053+00:00,0,,2.0,6.0,Houston Astros,8.0,HIT,UNGRADED — NO LINE,,,2.13,0.95,1.19,Final,2026-09-18T09:58:05.125170+00:00
824548,2026-09-17,2026-09-17T23:40:00Z,Detroit Tigers,Chicago White Sox,Detroit Tigers,SKIP BET,53.5,4.64,4.45,9.09,,NO LINE,UNAVAILABLE,2026-09-17T20:36:08.158053+00:00,0,,1.0,3.0,Chicago White Sox,4.0,NO PLAY,UNGRADED — NO LINE,,,3.64,1.45,5.09,Final,2026-09-18T09:58:05.174967+00:00
822845,2026-09-17,2026-09-18T00:05:00Z,Boston Red Sox,Texas Rangers,Boston Red Sox,PLAY,57.6,4.14,3.73,7.88,,NO LINE,UNAVAILABLE,2026-09-17T20:36:08.158053+00:00,0,,4.0,3.0,Boston Red Sox,7.0,HIT,UNGRADED — NO LINE,,,0.14,0.73,0.88,Final,2026-09-18T09:58:05.213249+00:00
823978,2026-09-17,2026-09-18T01:38:00Z,Minnesota Twins,Los Angeles Angels,Los Angeles Angels,PLAY,56.9,3.81,4.18,7.99,,NO LINE,UNAVAILABLE,2026-09-17T22:54:02.184659+00:00,0,,4.0,5.0,Los Angeles Angels,9.0,HIT,UNGRADED — NO LINE,,,0.19,0.82,1.01,Final,2026-09-18T09:58:05.249373+00:00
823331,2026-09-18,2026-09-18T22:40:00Z,Kansas City Royals,Pittsburgh Pirates,Pittsburgh Pirates,PLAY,64.0,3.62,4.39,8.01,,NO LINE,UNAVAILABLE,2026-09-18T19:51:36.011074+00:00,0,,5.0,8.0,Pittsburgh Pirates,13.0,HIT,UNGRADED — NO LINE,,,1.38,3.61,4.99,Final,2026-09-19T06:38:09.169717+00:00
824463,2026-09-18,2026-09-18T22:40:00Z,Chicago Cubs,Cincinnati Reds,Chicago Cubs,PLAY,63.8,4.76,3.99,8.75,,NO LINE,UNAVAILABLE,2026-09-18T22:34:29.206612+00:00,0,,4.0,6.0,Cincinnati Reds,10.0,MISS,UNGRADED — NO LINE,,,0.76,2.01,1.25,Final,2026-09-19T06:38:09.203585+00:00
824790,2026-09-18,2026-09-18T23:05:00Z,Milwaukee Brewers,Baltimore Orioles,Milwaukee Brewers,PLAY,63.4,5.03,4.29,9.32,,NO LINE,UNAVAILABLE,2026-09-18T19:59:01.484096+00:00,0,,6.0,5.0,Milwaukee Brewers,11.0,HIT,UNGRADED — NO LINE,,,0.97,0.71,1.68,Final,2026-09-19T06:38:09.242516+00:00
822923,2026-09-18,2026-09-18T23:10:00Z,Boston Red Sox,Tampa Bay Rays,Boston Red Sox,SKIP BET,52.3,3.96,3.84,7.8,,NO LINE,UNAVAILABLE,2026-09-18T19:51:36.011074+00:00,0,,4.0,2.0,Boston Red Sox,6.0,NO PLAY,UNGRADED — NO LINE,,,0.04,1.84,1.8,Final,2026-09-19T06:38:09.293105+00:00
824383,2026-09-18,2026-09-18T23:10:00Z,Athletics,Cleveland Guardians,Cleveland Guardians,PLAY,80.2,3.64,5.53,9.16,,NO LINE,UNAVAILABLE,2026-09-18T19:51:36.011074+00:00,0,,3.0,5.0,Cleveland Guardians,8.0,HIT,UNGRADED — NO LINE,,,0.64,0.53,1.16,Final,2026-09-19T06:38:09.333672+00:00
823572,2026-09-18,2026-09-18T23:15:00Z,Philadelphia Phillies,New York Mets,Philadelphia Phillies,PLAY,59.9,4.24,3.7,7.95,,NO LINE,UNAVAILABLE,2026-09-18T22:34:29.206612+00:00,0,,3.0,6.0,New York Mets,9.0,MISS,UNGRADED — NO LINE,,,1.24,2.3,1.05,Final,2026-09-19T06:38:09.384341+00:00
824547,2026-09-18,2026-09-18T23:40:00Z,Detroit Tigers,Chicago White Sox,Detroit Tigers,SKIP BET,50.0,4.76,4.76,9.53,,NO LINE,UNAVAILABLE,2026-09-18T22:34:29.206612+00:00,0,,11.0,8.0,Detroit Tigers,19.0,NO PLAY,UNGRADED — NO LINE,,,6.24,3.24,9.47,Final,2026-09-19T06:38:09.420285+00:00
822847,2026-09-18,2026-09-19T00:05:00Z,Toronto Blue Jays,Texas Rangers,Toronto Blue Jays,PLAY,68.6,4.41,3.36,7.78,,NO LINE,UNAVAILABLE,2026-09-18T22:34:29.206612+00:00,0,,1.0,7.0,Texas Rangers,8.0,MISS,UNGRADED — NO LINE,,,3.41,3.64,0.22,Final,2026-09-19T06:38:09.469218+00:00
824138,2026-09-18,2026-09-19T00:10:00Z,Atlanta Braves,Houston Astros,Atlanta Braves,SKIP BET,51.7,4.42,4.33,8.76,,NO LINE,UNAVAILABLE,2026-09-18T22:34:29.206612+00:00,0,,6.0,2.0,Atlanta Braves,8.0,NO PLAY,UNGRADED — NO LINE,,,1.58,2.33,0.76,Final,2026-09-19T06:38:09.513132+00:00
824303,2026-09-18,2026-09-19T00:10:00Z,Seattle Mariners,Colorado Rockies,Seattle Mariners,PLAY,64.5,5.21,4.41,9.62,,NO LINE,UNAVAILABLE,2026-09-18T22:34:29.206612+00:00,0,,5.0,4.0,Seattle Mariners,9.0,HIT,UNGRADED — NO LINE,,,0.21,0.41,0.62,Final,2026-09-19T06:38:09.559725+00:00
823005,2026-09-18,2026-09-19T00:15:00Z,Washington Nationals,St. Louis Cardinals,Washington Nationals,PLAY,58.3,4.67,4.22,8.89,,NO LINE,UNAVAILABLE,2026-09-18T22:34:29.206612+00:00,0,,9.0,1.0,Washington Nationals,10.0,HIT,UNGRADED — NO LINE,,,4.33,3.22,1.11,Final,2026-09-19T06:38:09.593275+00:00
823898,2026-09-18,2026-09-19T02:15:00Z,San Francisco Giants,Los Angeles Dodgers,Los Angeles Dodgers,PLAY,75.4,3.29,4.81,8.1,,NO LINE,UNAVAILABLE,2026-09-18T22:34:29.206612+00:00,0,,2.0,8.0,Los Angeles Dodgers,10.0,HIT,UNGRADED — NO LINE,,,1.29,3.19,1.9,Final,2026-09-19T06:38:09.629560+00:00
824545,2026-09-19,2026-09-19T18:10:00Z,Detroit Tigers,Chicago White Sox,Chicago White Sox,SKIP BET,55.9,4.08,4.39,8.47,,NO LINE,UNAVAILABLE,2026-09-19T15:37:45.447267+00:00,0,,1.0,3.0,Chicago White Sox,4.0,NO PLAY,UNGRADED — NO LINE,,,3.08,1.39,4.47,Final,2026-09-19T22:19:11.737780+00:00
824788,2026-09-19,2026-09-19T20:05:00Z,Milwaukee Brewers,Baltimore Orioles,Milwaukee Brewers,PLAY,56.8,4.75,4.38,9.13,,NO LINE,UNAVAILABLE,2026-09-19T19:22:39.433213+00:00,0,,1.0,0.0,Milwaukee Brewers,1.0,HIT,UNGRADED — NO LINE,,,3.75,4.38,8.13,Final,2026-09-19T23:55:43.368066+00:00
822921,2026-09-19,2026-09-19T20:10:00Z,Boston Red Sox,Tampa Bay Rays,Tampa Bay Rays,SKIP BET,55.4,4.24,4.53,8.77,,NO LINE,UNAVAILABLE,2026-09-19T19:22:39.433213+00:00,0,,1.0,2.0,Tampa Bay Rays,3.0,NO PLAY,UNGRADED — NO LINE,,,3.24,2.53,5.77,Final,2026-09-19T23:55:43.409489+00:00
823571,2026-09-19,2026-09-19T20:10:00Z,Philadelphia Phillies,New York Mets,New York Mets,PLAY,65.2,3.96,4.81,8.77,,NO LINE,UNAVAILABLE,2026-09-19T19:22:39.433213+00:00,0,,3.0,10.0,New York Mets,13.0,HIT,UNGRADED — NO LINE,,,0.96,5.19,4.23,Final,2026-09-19T23:55:43.490575+00:00
824380,2026-09-19,2026-09-19T22:10:00Z,Athletics,Cleveland Guardians,Cleveland Guardians,PLAY,66.2,4.05,4.96,9.01,,NO LINE,UNAVAILABLE,2026-09-19T19:22:39.433213+00:00,0,,6.0,12.0,Cleveland Guardians,18.0,HIT,UNGRADED — NO LINE,,,1.95,7.04,8.99,Final,2026-09-20T09:58:32.709433+00:00
823330,2026-09-19,2026-09-19T22:40:00Z,Kansas City Royals,Pittsburgh Pirates,Pittsburgh Pirates,PLAY,59.2,4.06,4.57,8.63,,NO LINE,UNAVAILABLE,2026-09-19T19:22:39.433213+00:00,0,,5.0,6.0,Pittsburgh Pirates,11.0,HIT,UNGRADED — NO LINE,,,0.94,1.43,2.37,Final,2026-09-20T09:58:32.824402+00:00
824461,2026-09-19,2026-09-19T22:40:00Z,Chicago Cubs,Cincinnati Reds,Chicago Cubs,PLAY,74.5,6.04,4.6,10.64,,NO LINE,UNAVAILABLE,2026-09-19T20:32:21.781829+00:00,0,,5.0,2.0,Chicago Cubs,7.0,HIT,UNGRADED — NO LINE,,,1.04,2.6,3.64,Final,2026-09-20T09:58:32.936201+00:00
822843,2026-09-19,2026-09-19T23:05:00Z,Toronto Blue Jays,Texas Rangers,Texas Rangers,SKIP BET,55.7,3.74,4.05,7.78,,NO LINE,UNAVAILABLE,2026-09-19T20:32:21.781829+00:00,0,,2.0,6.0,Texas Rangers,8.0,NO PLAY,UNGRADED — NO LINE,,,1.74,1.95,0.22,Final,2026-09-20T09:58:33.038026+00:00
824137,2026-09-19,2026-09-19T23:10:00Z,Atlanta Braves,Houston Astros,Atlanta Braves,SKIP BET,51.2,4.45,4.39,8.84,,NO LINE,UNAVAILABLE,2026-09-19T20:32:21.781829+00:00,0,,6.0,3.0,Atlanta Braves,9.0,NO PLAY,UNGRADED — NO LINE,,,1.55,1.39,0.16,Final,2026-09-20T09:58:33.146672+00:00
823003,2026-09-19,2026-09-19T23:15:00Z,Washington Nationals,St. Louis Cardinals,Washington Nationals,PLAY,61.0,4.87,4.27,9.14,,NO LINE,UNAVAILABLE,2026-09-19T22:19:11.424786+00:00,0,,8.0,5.0,Washington Nationals,13.0,HIT,UNGRADED — NO LINE,,,3.13,0.73,3.86,Final,2026-09-20T09:58:33.283608+00:00
824304,2026-09-19,2026-09-20T00:10:00Z,Seattle Mariners,Colorado Rockies,Seattle Mariners,PLAY,61.4,5.31,4.69,10.0,,NO LINE,UNAVAILABLE,2026-09-19T22:19:11.424786+00:00,0,,3.0,5.0,Colorado Rockies,8.0,MISS,UNGRADED — NO LINE,,,2.31,0.31,2.0,Final,2026-09-20T09:58:33.390015+00:00
823249,2026-09-19,2026-09-20T00:40:00Z,Miami Marlins,San Diego Padres,San Diego Padres,SKIP BET,54.5,3.91,4.16,8.07,,NO LINE,UNAVAILABLE,2026-09-19T22:19:11.424786+00:00,0,,6.0,7.0,San Diego Padres,13.0,NO PLAY,UNGRADED — NO LINE,,,2.09,2.84,4.93,Final,2026-09-20T09:58:33.497550+00:00
823899,2026-09-19,2026-09-20T01:10:00Z,San Francisco Giants,Los Angeles Dodgers,Los Angeles Dodgers,PLAY,73.2,3.07,4.42,7.49,,NO LINE,UNAVAILABLE,2026-09-19T22:19:11.424786+00:00,0,,4.0,10.0,Los Angeles Dodgers,14.0,HIT,UNGRADED — NO LINE,,,0.93,5.58,6.51,Final,2026-09-20T09:58:33.599350+00:00
823976,2026-09-19,2026-09-20T01:38:00Z,Minnesota Twins,Los Angeles Angels,Los Angeles Angels,PLAY,56.9,3.77,4.15,7.91,,NO LINE,UNAVAILABLE,2026-09-19T23:55:43.231985+00:00,0,,5.0,6.0,Los Angeles Angels,11.0,HIT,UNGRADED — NO LINE,,,1.23,1.85,3.09,Final,2026-09-20T09:58:33.713057+00:00
823570,2026-09-20,2026-09-20T17:10:00Z,Philadelphia Phillies,New York Mets,Philadelphia Phillies,SKIP BET,52.6,3.93,3.79,7.72,,NO LINE,UNAVAILABLE,2026-09-20T16:54:37.720839+00:00,0,,7.0,2.0,Philadelphia Phillies,9.0,NO PLAY,UNGRADED — NO LINE,,,3.07,1.79,1.28,Game Over,2026-09-20T20:49:50.761785+00:00
823329,2026-09-20,2026-09-20T17:35:00Z,Kansas City Royals,Pittsburgh Pirates,Pittsburgh Pirates,PLAY,64.2,3.78,4.57,8.35,,NO LINE,UNAVAILABLE,2026-09-20T16:54:37.720839+00:00,0,,3.0,4.0,Pittsburgh Pirates,7.0,HIT,UNGRADED — NO LINE,,,0.78,0.57,1.35,Final,2026-09-20T20:49:50.795394+00:00
822922,2026-09-20,2026-09-20T17:40:00Z,Boston Red Sox,Tampa Bay Rays,Tampa Bay Rays,PLAY,62.3,3.92,4.6,8.53,,NO LINE,UNAVAILABLE,2026-09-20T16:54:37.720839+00:00,0,,1.0,5.0,Tampa Bay Rays,6.0,HIT,UNGRADED — NO LINE,,,2.92,0.4,2.53,Final,2026-09-20T20:49:50.828882+00:00
824381,2026-09-20,2026-09-20T17:40:00Z,Athletics,Cleveland Guardians,Cleveland Guardians,PLAY,75.5,3.72,5.24,8.97,,NO LINE,UNAVAILABLE,2026-09-20T16:54:37.720839+00:00,0,,0.0,1.0,Cleveland Guardians,1.0,HIT,UNGRADED — NO LINE,,,3.72,4.24,7.97,Final,2026-09-20T22:27:22.575778+00:00
824462,2026-09-20,2026-09-20T17:40:00Z,Chicago Cubs,Cincinnati Reds,Chicago Cubs,PLAY,71.0,6.2,5.0,11.2,,NO LINE,UNAVAILABLE,2026-09-20T16:54:37.720839+00:00,0,,9.0,1.0,Chicago Cubs,10.0,HIT,UNGRADED — NO LINE,,,2.8,4.0,1.2,Final,2026-09-20T20:49:50.881391+00:00
824139,2026-09-20,2026-09-20T18:10:00Z,Atlanta Braves,Houston Astros,Atlanta Braves,SKIP BET,55.6,4.48,4.18,8.66,,NO LINE,UNAVAILABLE,2026-09-20T16:54:37.720839+00:00,0,,4.0,2.0,Atlanta Braves,6.0,NO PLAY,UNGRADED — NO LINE,,,0.48,2.18,2.66,Final,2026-09-20T22:27:22.629820+00:00
824546,2026-09-20,2026-09-20T18:10:00Z,Detroit Tigers,Chicago White Sox,Detroit Tigers,PLAY,59.0,4.33,3.84,8.17,,NO LINE,UNAVAILABLE,2026-09-20T16:54:37.720839+00:00,0,,1.0,8.0,Chicago White Sox,9.0,MISS,UNGRADED — NO LINE,,,3.33,4.16,0.83,Final,2026-09-21T10:58:18.074085+00:00
823001,2026-09-20,2026-09-20T18:15:00Z,Washington Nationals,St. Louis Cardinals,St. Louis Cardinals,PLAY,61.6,4.66,5.3,9.96,,NO LINE,UNAVAILABLE,2026-09-20T16:54:37.720839+00:00,0,,3.0,5.0,St. Louis Cardinals,8.0,HIT,UNGRADED — NO LINE,,,1.66,0.3,1.96,Game Over,2026-09-20T20:49:50.958872+00:00
822844,2026-09-20,2026-09-20T18:35:00Z,Toronto Blue Jays,Texas Rangers,Toronto Blue Jays,SKIP BET,53.8,3.83,3.62,7.45,,NO LINE,UNAVAILABLE,2026-09-20T16:54:37.720839+00:00,0,,7.0,2.0,Toronto Blue Jays,9.0,NO PLAY,UNGRADED — NO LINE,,,3.17,1.62,1.55,Final,2026-09-20T22:27:22.739028+00:00
824300,2026-09-20,2026-09-20T19:10:00Z,Seattle Mariners,Colorado Rockies,Seattle Mariners,SKIP BET,55.6,5.54,5.24,10.78,,NO LINE,UNAVAILABLE,2026-09-20T16:54:37.720839+00:00,0,,2.0,1.0,Seattle Mariners,3.0,NO PLAY,UNGRADED — NO LINE,,,3.54,4.24,7.78,Final,2026-09-20T22:27:22.780231+00:00
823975,2026-09-20,2026-09-20T20:07:00Z,Minnesota Twins,Los Angeles Angels,Minnesota Twins,SKIP BET,50.5,4.84,4.82,9.66,,NO LINE,UNAVAILABLE,2026-09-20T19:48:00.327354+00:00,0,,8.0,0.0,Minnesota Twins,8.0,NO PLAY,UNGRADED — NO LINE,,,3.16,4.82,1.66,Final,2026-09-21T00:16:00.170729+00:00
823247,2026-09-20,2026-09-20T20:10:00Z,Miami Marlins,San Diego Padres,Miami Marlins,SKIP BET,53.1,4.45,4.28,8.73,,NO LINE,UNAVAILABLE,2026-09-20T19:48:00.327354+00:00,0,,3.0,7.0,San Diego Padres,10.0,NO PLAY,UNGRADED — NO LINE,,,1.45,2.72,1.27,Final,2026-09-21T00:16:00.216065+00:00
823896,2026-09-20,2026-09-20T20:10:00Z,San Francisco Giants,Los Angeles Dodgers,Los Angeles Dodgers,PLAY,78.2,3.44,5.16,8.6,,NO LINE,UNAVAILABLE,2026-09-20T19:48:00.327354+00:00,0,,1.0,3.0,Los Angeles Dodgers,4.0,HIT,UNGRADED — NO LINE,,,2.44,2.16,4.6,Final,2026-09-21T00:16:00.263373+00:00
824789,2026-09-20,2026-09-20T23:20:00Z,Milwaukee Brewers,Baltimore Orioles,Milwaukee Brewers,PLAY,74.8,4.84,3.37,8.21,,NO LINE,UNAVAILABLE,2026-09-20T20:49:50.616863+00:00,0,,3.0,0.0,Milwaukee Brewers,3.0,HIT,UNGRADED — NO LINE,,,1.84,3.37,5.21,Final,2026-09-21T10:58:18.117010+00:00
824787,2026-09-21,2026-09-21T22:35:00Z,Toronto Blue Jays,Baltimore Orioles,Baltimore Orioles,SKIP BET,51.8,3.89,3.99,7.88,,NO LINE,UNAVAILABLE,2026-09-21T20:28:47.546842+00:00,0,,3.0,4.0,Baltimore Orioles,7.0,NO PLAY,UNGRADED — NO LINE,,,0.89,0.01,0.88,Final,2026-09-22T07:35:28.623204+00:00
